<application>
  <component name="StudioBotSettings">
    <option name="contextSharingMode" value="AlwaysShare" />
    <option name="onboardedVersion" value="3" />
    <option name="queryHistory">
      <list>
        <historyEntry timestamp="1725881244556">What does the error message &quot;&lt;interface, parcelable, enum or union&gt;, AidlTokenTypes.IMPORT_KEYWORD or AidlTokenTypes.PACKAGE_KEYWORD expected, got '.'&quot; mean?</historyEntry>
        <historyEntry timestamp="1725860911000">What does the error message &quot;'{' expected&quot; mean?</historyEntry>
        <historyEntry timestamp="1725773125904">What does the error message &quot;Expression expected&quot; mean?</historyEntry>
        <historyEntry timestamp="1725644515660">What does the error message &quot;',' or ')' expected&quot; mean?</historyEntry>
        <historyEntry timestamp="1725606321969">in android</historyEntry>
        <historyEntry timestamp="1725606284964">What does the error message &quot;Tag start is not closed&quot; mean?</historyEntry>
        <historyEntry timestamp="1722793722407">What does the error message &quot;Unexpected tokens (use ';' to separate expressions on the same line)&quot; mean?</historyEntry>
        <historyEntry timestamp="1721928012112">What does the error message &quot;Expecting member declaration&quot; mean?</historyEntry>
        <historyEntry timestamp="1721927729130">What does the error message &quot;Expecting an argument list&quot; mean?</historyEntry>
        <historyEntry timestamp="1719081221383">Explain: FATAL EXCEPTION: main
Process: com.app.codeassignment, PID: 23972
java.lang.RuntimeException: Unable to create service com.app.codeassignment.MyForegroundService: java.lang.InstantiationException: java.lang.Class&lt;com.app.codeassignment.MyForegroundService&gt; has no zero argument constructor
at android.app.ActivityThread.handleCreateService(ActivityThread.java:5202)
at android.app.ActivityThread.-$$Nest$mhandleCreateService(Unknown Source:0) with tag AndroidRuntime</historyEntry>
        <historyEntry timestamp="1719074244399">Explain: FATAL EXCEPTION: main
Process: com.app.codeassignment, PID: 4766
java.lang.RuntimeException: Error receiving broadcast Intent { act=com.example.CUSTOM_ACTION flg=0x10 } in MyBroadcastReceiver@7538ea5
at android.app.LoadedApk$ReceiverDispatcher$Args.lambda$getRunnable$0$LoadedApk$ReceiverDispatcher$Args(LoadedApk.java:1560)
at android.app.-$$Lambda$LoadedApk$ReceiverDispatcher$Args$_BumDX2UKsnxLVrE6UJsJZkotuA.run(Unknown Source:2) with tag AndroidRuntime</historyEntry>
        <historyEntry timestamp="1717128264686">java.lang.SecurityException: com.demo.birthdayvidmaker: One of RECEIVER_EXPORTED or RECEIVER_NOT_EXPORTED should be specified when a receiver isn't being registered exclusively for system broadcasts</historyEntry>
        <historyEntry timestamp="1716219271984">error found in flutter app &quot;FAILURE: Build failed with an exception.
* What went wrong: java.util.concurrent. ExecutionException:  org.gradle.api.GradleException:  Failed to create Jar file C:\Users\parma\.gradle\ caches\ jars- 9\ e63583834575f311e37e0b179900e1b7\ gradle- 1. 0. 0. jar.  &gt; org.gradle.api.GradleException:  Failed to create Jar file C:\Users\parma\.gradle\ caches\ jars- 9\ e63583834575f311e37e0b179900e1b7\ gradle- 1. 0. 0. jar. &quot; how to solve this</historyEntry>
        <historyEntry timestamp="1716219226878">error found in flutter app &quot;FAILURE: Build failed with an exception.

* What went wrong:
java.util.concurrent.ExecutionException: org.gradle.api.GradleException: Failed to create Jar file C:\Users\parma\.gradle\caches\jars-9\e63583834575f311e37e0b179900e1b7\gradle-1.0.0.jar.
&gt; org.gradle.api.GradleException: Failed to create Jar file C:\Users\parma\.gradle\caches\jars-9\e63583834575f311e37e0b179900e1b7\gradle-1.0.0.jar.&quot;</historyEntry>
      </list>
    </option>
  </component>
</application>