{"v":"5.7.5","fr":100,"ip":0,"op":200,"w":300,"h":300,"nm":"Comp 1","ddd":0,"assets":[],"layers":[{"ddd":0,"ind":1,"ty":4,"nm":"Ellipse Path 1","sr":1,"ks":{"o":{"a":0,"k":100,"ix":2},"r":{"a":0,"k":0,"ix":2},"p":{"a":0,"k":[0,0],"ix":2},"a":{"a":0,"k":[0,0],"ix":2},"s":{"a":0,"k":[100,100],"ix":2}},"ao":0,"hd":false,"shapes":[{"ty":"gr","hd":false,"it":[{"ty":"el","hd":false,"d":1,"s":{"a":0,"k":[300,300],"ix":2},"p":{"a":0,"k":[0,0],"ix":2}},{"ty":"st","c":{"a":0,"k":[0.7803921568627451,0.7803921568627451,0.7803921568627451],"ix":2},"o":{"a":0,"k":100,"ix":2},"w":{"a":0,"k":50,"ix":2},"hd":false,"lc":2,"lj":2},{"ty":"tm","s":{"a":1,"k":[{"t":33,"s":[0],"i":{"x":[1],"y":[1]},"o":{"x":[0],"y":[0]}},{"t":200,"s":[99],"i":{"x":[1],"y":[1]},"o":{"x":[0],"y":[0]}}],"ix":2},"e":{"a":1,"k":[{"t":0,"s":[1],"i":{"x":[1],"y":[1]},"o":{"x":[0],"y":[0]}},{"t":167,"s":[100],"i":{"x":[1],"y":[1]},"o":{"x":[0],"y":[0]}}],"ix":2},"o":{"a":1,"k":[{"t":0,"s":[0],"i":{"x":[1],"y":[1]},"o":{"x":[0],"y":[0]}},{"t":200,"s":[3],"i":{"x":[1],"y":[1]},"o":{"x":[0],"y":[0]}}],"ix":2},"m":1,"hd":false},{"ty":"tr","hd":false,"p":{"a":0,"k":[150,150],"ix":2},"a":{"a":0,"k":[0,0],"ix":2},"s":{"a":0,"k":[30,30],"ix":2},"r":{"a":1,"k":[{"t":0,"s":[0],"i":{"x":[1],"y":[1]},"o":{"x":[0],"y":[0]}},{"t":200,"s":[360],"i":{"x":[1],"y":[1]},"o":{"x":[0],"y":[0]}}],"ix":2},"o":{"a":0,"k":100,"ix":2},"sk":{"a":0,"k":0,"ix":2},"sa":{"a":0,"k":0,"ix":2}}]}],"ip":0,"op":200,"st":0,"bm":0},{"ddd":0,"ind":2,"ty":4,"nm":"Ellipse Path 1","sr":1,"ks":{"o":{"a":0,"k":100,"ix":2},"r":{"a":0,"k":0,"ix":2},"p":{"a":0,"k":[0,0],"ix":2},"a":{"a":0,"k":[0,0],"ix":2},"s":{"a":0,"k":[100,100],"ix":2}},"ao":0,"hd":false,"shapes":[{"ty":"gr","hd":false,"it":[{"ty":"el","hd":false,"d":1,"s":{"a":0,"k":[300,300],"ix":2},"p":{"a":0,"k":[0,0],"ix":2}},{"ty":"st","c":{"a":0,"k":[0.9019607843137255,0.9019607843137255,0.9019607843137255],"ix":2},"o":{"a":0,"k":100,"ix":2},"w":{"a":0,"k":50,"ix":2},"hd":false,"lc":2,"lj":2},{"ty":"tm","s":{"a":0,"k":0,"ix":2},"e":{"a":0,"k":100,"ix":2},"o":{"a":0,"k":0,"ix":2},"m":1,"hd":false},{"ty":"tr","hd":false,"p":{"a":0,"k":[150,150],"ix":2},"a":{"a":0,"k":[0,0],"ix":2},"s":{"a":0,"k":[30.000001192092903,30.000001192092903],"ix":2},"r":{"a":0,"k":0,"ix":2},"o":{"a":0,"k":30,"ix":2},"sk":{"a":0,"k":0,"ix":2},"sa":{"a":0,"k":0,"ix":2}}]}],"ip":0,"op":200,"st":0,"bm":0}],"markers":[]}