{
  "nm": "L",
  "ddd": 0,
  "h": 600,
  "w": 600,
  "meta": {
    "g": "@lottiefiles/toolkit-js 0.33.2"
  },
  "layers": [
    {
      "ty": 4,
      "nm": "R",
      "sr": 1,
      "st": 0,
      "op": 91.000003706506,
      "ip": 0,
      "hd": false,
      "ddd": 0,
      "bm": 0,
      "hasMask": false,
      "ao": 0,
      "ks": {
        "a": {
          "a": 0,
          "k": [
            245.5,
            245.5,
            0
          ]
        },
        "s": {
          "a": 1,
          "k": [
            {
              "o": {
                "x": 0.333,
                "y": 0
              },
              "i": {
                "x": 0,
                "y": 1
              },
              "s": [
                0,
                0,
                100
              ],
              "t": 0
            },
            {
              "s": [
                60,
                60,
                100
              ],
              "t": 20
            }
          ]
        },
        "sk": {
          "a": 0,
          "k": 0
        },
        "p": {
          "a": 0,
          "k": [
            299.938,
            300.134,
            0
          ]
        },
        "r": {
          "a": 1,
          "k": [
            {
              "o": {
                "x": 0.167,
                "y": 0.167
              },
              "i": {
                "x": 0.833,
                "y": 0.833
              },
              "s": [
                180
              ],
              "t": 0
            },
            {
              "s": [
                360
              ],
              "t": 90
            }
          ]
        },
        "sa": {
          "a": 0,
          "k": 0
        },
        "o": {
          "a": 0,
          "k": 100
        }
      },
      "ef": [],
      "shapes": [
        {
          "ty": "gr",
          "bm": 0,
          "hd": false,
          "nm": "G",
          "it": [
            {
              "ty": "sh",
              "bm": 0,
              "hd": false,
              "nm": "P",
              "d": 1,
              "ks": {
                "a": 0,
                "k": {
                  "c": true,
                  "i": [
                    [
                      -16.108,
                      -16.108
                    ],
                    [
                      0,
                      0
                    ],
                    [
                      16.108,
                      -16.109
                    ],
                    [
                      0,
                      0
                    ],
                    [
                      16.108,
                      16.108
                    ],
                    [
                      -16.108,
                      16.108
                    ],
                    [
                      0,
                      0
                    ]
                  ],
                  "o": [
                    [
                      0,
                      0
                    ],
                    [
                      16.108,
                      16.108
                    ],
                    [
                      0,
                      0
                    ],
                    [
                      -16.108,
                      16.108
                    ],
                    [
                      -16.108,
                      -16.108
                    ],
                    [
                      0,
                      0
                    ],
                    [
                      16.108,
                      -16.108
                    ]
                  ],
                  "v": [
                    [
                      53.033,
                      -53.033
                    ],
                    [
                      53.033,
                      -53.033
                    ],
                    [
                      53.033,
                      5.301
                    ],
                    [
                      5.3,
                      53.033
                    ],
                    [
                      -53.033,
                      53.033
                    ],
                    [
                      -53.033,
                      -5.3
                    ],
                    [
                      -5.3,
                      -53.033
                    ]
                  ]
                }
              }
            },
            {
              "ty": "fl",
              "bm": 0,
              "hd": false,
              "nm": "F",
              "c": {
                "a": 0,
                "k": [
                  0.3686,
                  0.2941,
                  0.9569
                ]
              },
              "r": 1,
              "o": {
                "a": 0,
                "k": 100
              }
            },
            {
              "ty": "tr",
              "a": {
                "a": 0,
                "k": [
                  0,
                  0
                ]
              },
              "s": {
                "a": 1,
                "k": [
                  {
                    "o": {
                      "x": 0.333,
                      "y": 0
                    },
                    "i": {
                      "x": 0,
                      "y": 1
                    },
                    "s": [
                      0,
                      0
                    ],
                    "t": 0
                  },
                  {
                    "s": [
                      100,
                      100
                    ],
                    "t": 15
                  }
                ]
              },
              "sk": {
                "a": 0,
                "k": 0
              },
              "p": {
                "a": 0,
                "k": [
                  366.289,
                  125.896
                ]
              },
              "r": {
                "a": 0,
                "k": 0
              },
              "sa": {
                "a": 0,
                "k": 0
              },
              "o": {
                "a": 0,
                "k": 100
              }
            }
          ]
        },
        {
          "ty": "gr",
          "bm": 0,
          "hd": false,
          "nm": "G",
          "it": [
            {
              "ty": "sh",
              "bm": 0,
              "hd": false,
              "nm": "P",
              "d": 1,
              "ks": {
                "a": 0,
                "k": {
                  "c": true,
                  "i": [
                    [
                      0,
                      -22.781
                    ],
                    [
                      0,
                      0
                    ],
                    [
                      22.781,
                      0
                    ],
                    [
                      0,
                      0
                    ],
                    [
                      0,
                      22.781
                    ],
                    [
                      -22.781,
                      0
                    ],
                    [
                      0,
                      0
                    ]
                  ],
                  "o": [
                    [
                      0,
                      0
                    ],
                    [
                      0,
                      22.781
                    ],
                    [
                      0,
                      0
                    ],
                    [
                      -22.781,
                      0
                    ],
                    [
                      0,
                      -22.781
                    ],
                    [
                      0,
                      0
                    ],
                    [
                      22.781,
                      0
                    ]
                  ],
                  "v": [
                    [
                      75,
                      0
                    ],
                    [
                      75,
                      0
                    ],
                    [
                      33.752,
                      41.248
                    ],
                    [
                      -33.752,
                      41.248
                    ],
                    [
                      -75,
                      0
                    ],
                    [
                      -33.752,
                      -41.248
                    ],
                    [
                      33.752,
                      -41.248
                    ]
                  ]
                }
              }
            },
            {
              "ty": "mm",
              "bm": 0,
              "hd": false,
              "nm": "M",
              "mm": 4
            },
            {
              "ty": "fl",
              "bm": 0,
              "hd": false,
              "nm": "F",
              "c": {
                "a": 0,
                "k": [
                  0.3686,
                  0.2941,
                  0.9569
                ]
              },
              "r": 1,
              "o": {
                "a": 0,
                "k": 100
              }
            },
            {
              "ty": "tr",
              "a": {
                "a": 0,
                "k": [
                  0,
                  0
                ]
              },
              "s": {
                "a": 1,
                "k": [
                  {
                    "o": {
                      "x": 0.333,
                      "y": 0
                    },
                    "i": {
                      "x": 0,
                      "y": 1
                    },
                    "s": [
                      0,
                      0
                    ],
                    "t": 2
                  },
                  {
                    "s": [
                      100,
                      100
                    ],
                    "t": 17
                  }
                ]
              },
              "sk": {
                "a": 0,
                "k": 0
              },
              "p": {
                "a": 0,
                "k": [
                  415.407,
                  246.163
                ]
              },
              "r": {
                "a": 0,
                "k": 0
              },
              "sa": {
                "a": 0,
                "k": 0
              },
              "o": {
                "a": 0,
                "k": 100
              }
            }
          ]
        },
        {
          "ty": "gr",
          "bm": 0,
          "hd": false,
          "nm": "G",
          "it": [
            {
              "ty": "sh",
              "bm": 0,
              "hd": false,
              "nm": "P",
              "d": 1,
              "ks": {
                "a": 0,
                "k": {
                  "c": true,
                  "i": [
                    [
                      16.108,
                      -16.108
                    ],
                    [
                      0,
                      0
                    ],
                    [
                      16.109,
                      16.108
                    ],
                    [
                      0,
                      0
                    ],
                    [
                      -16.108,
                      16.108
                    ],
                    [
                      -16.108,
                      -16.108
                    ],
                    [
                      0,
                      0
                    ]
                  ],
                  "o": [
                    [
                      0,
                      0
                    ],
                    [
                      -16.108,
                      16.108
                    ],
                    [
                      0,
                      0
                    ],
                    [
                      -16.108,
                      -16.109
                    ],
                    [
                      16.108,
                      -16.108
                    ],
                    [
                      0,
                      0
                    ],
                    [
                      16.108,
                      16.108
                    ]
                  ],
                  "v": [
                    [
                      53.033,
                      53.033
                    ],
                    [
                      53.033,
                      53.033
                    ],
                    [
                      -5.301,
                      53.033
                    ],
                    [
                      -53.033,
                      5.301
                    ],
                    [
                      -53.033,
                      -53.033
                    ],
                    [
                      5.3,
                      -53.033
                    ],
                    [
                      53.033,
                      -5.3
                    ]
                  ]
                }
              }
            },
            {
              "ty": "mm",
              "bm": 0,
              "hd": false,
              "nm": "M",
              "mm": 4
            },
            {
              "ty": "fl",
              "bm": 0,
              "hd": false,
              "nm": "F",
              "c": {
                "a": 0,
                "k": [
                  0.3686,
                  0.2941,
                  0.9569
                ]
              },
              "r": 1,
              "o": {
                "a": 0,
                "k": 100
              }
            },
            {
              "ty": "tr",
              "a": {
                "a": 0,
                "k": [
                  0,
                  0
                ]
              },
              "s": {
                "a": 1,
                "k": [
                  {
                    "o": {
                      "x": 0.333,
                      "y": 0
                    },
                    "i": {
                      "x": 0,
                      "y": 1
                    },
                    "s": [
                      0,
                      0
                    ],
                    "t": 4
                  },
                  {
                    "s": [
                      100,
                      100
                    ],
                    "t": 19
                  }
                ]
              },
              "sk": {
                "a": 0,
                "k": 0
              },
              "p": {
                "a": 0,
                "k": [
                  365.098,
                  365.937
                ]
              },
              "r": {
                "a": 0,
                "k": 0
              },
              "sa": {
                "a": 0,
                "k": 0
              },
              "o": {
                "a": 0,
                "k": 100
              }
            }
          ]
        },
        {
          "ty": "gr",
          "bm": 0,
          "hd": false,
          "nm": "G",
          "it": [
            {
              "ty": "sh",
              "bm": 0,
              "hd": false,
              "nm": "P",
              "d": 1,
              "ks": {
                "a": 0,
                "k": {
                  "c": true,
                  "i": [
                    [
                      22.781,
                      0
                    ],
                    [
                      0,
                      0
                    ],
                    [
                      0,
                      22.781
                    ],
                    [
                      0,
                      0
                    ],
                    [
                      -22.781,
                      0
                    ],
                    [
                      0,
                      -22.781
                    ],
                    [
                      0,
                      0
                    ]
                  ],
                  "o": [
                    [
                      0,
                      0
                    ],
                    [
                      -22.781,
                      0
                    ],
                    [
                      0,
                      0
                    ],
                    [
                      0,
                      -22.781
                    ],
                    [
                      22.781,
                      0
                    ],
                    [
                      0,
                      0
                    ],
                    [
                      0,
                      22.781
                    ]
                  ],
                  "v": [
                    [
                      0,
                      75
                    ],
                    [
                      0,
                      75
                    ],
                    [
                      -41.248,
                      33.752
                    ],
                    [
                      -41.248,
                      -33.752
                    ],
                    [
                      0,
                      -75
                    ],
                    [
                      41.248,
                      -33.752
                    ],
                    [
                      41.248,
                      33.752
                    ]
                  ]
                }
              }
            },
            {
              "ty": "mm",
              "bm": 0,
              "hd": false,
              "nm": "M",
              "mm": 4
            },
            {
              "ty": "fl",
              "bm": 0,
              "hd": false,
              "nm": "F",
              "c": {
                "a": 0,
                "k": [
                  0.3686,
                  0.2941,
                  0.9569
                ]
              },
              "r": 1,
              "o": {
                "a": 0,
                "k": 100
              }
            },
            {
              "ty": "tr",
              "a": {
                "a": 0,
                "k": [
                  0,
                  0
                ]
              },
              "s": {
                "a": 1,
                "k": [
                  {
                    "o": {
                      "x": 0.333,
                      "y": 0
                    },
                    "i": {
                      "x": 0,
                      "y": 1
                    },
                    "s": [
                      0,
                      0
                    ],
                    "t": 6
                  },
                  {
                    "s": [
                      100,
                      100
                    ],
                    "t": 21
                  }
                ]
              },
              "sk": {
                "a": 0,
                "k": 0
              },
              "p": {
                "a": 0,
                "k": [
                  243.98,
                  415.407
                ]
              },
              "r": {
                "a": 0,
                "k": 0
              },
              "sa": {
                "a": 0,
                "k": 0
              },
              "o": {
                "a": 0,
                "k": 100
              }
            }
          ]
        },
        {
          "ty": "gr",
          "bm": 0,
          "hd": false,
          "nm": "G",
          "it": [
            {
              "ty": "sh",
              "bm": 0,
              "hd": false,
              "nm": "P",
              "d": 1,
              "ks": {
                "a": 0,
                "k": {
                  "c": true,
                  "i": [
                    [
                      -16.108,
                      -16.108
                    ],
                    [
                      0,
                      0
                    ],
                    [
                      16.108,
                      -16.109
                    ],
                    [
                      0,
                      0
                    ],
                    [
                      16.108,
                      16.108
                    ],
                    [
                      -16.108,
                      16.108
                    ],
                    [
                      0,
                      0
                    ]
                  ],
                  "o": [
                    [
                      0,
                      0
                    ],
                    [
                      16.108,
                      16.108
                    ],
                    [
                      0,
                      0
                    ],
                    [
                      -16.109,
                      16.108
                    ],
                    [
                      -16.108,
                      -16.108
                    ],
                    [
                      0,
                      0
                    ],
                    [
                      16.108,
                      -16.108
                    ]
                  ],
                  "v": [
                    [
                      53.033,
                      -53.033
                    ],
                    [
                      53.033,
                      -53.033
                    ],
                    [
                      53.033,
                      5.301
                    ],
                    [
                      5.301,
                      53.033
                    ],
                    [
                      -53.033,
                      53.033
                    ],
                    [
                      -53.033,
                      -5.3
                    ],
                    [
                      -5.3,
                      -53.033
                    ]
                  ]
                }
              }
            },
            {
              "ty": "mm",
              "bm": 0,
              "hd": false,
              "nm": "M",
              "mm": 4
            },
            {
              "ty": "fl",
              "bm": 0,
              "hd": false,
              "nm": "F",
              "c": {
                "a": 0,
                "k": [
                  0.3686,
                  0.2941,
                  0.9569
                ]
              },
              "r": 1,
              "o": {
                "a": 0,
                "k": 100
              }
            },
            {
              "ty": "tr",
              "a": {
                "a": 0,
                "k": [
                  0,
                  0
                ]
              },
              "s": {
                "a": 1,
                "k": [
                  {
                    "o": {
                      "x": 0.333,
                      "y": 0
                    },
                    "i": {
                      "x": 0,
                      "y": 1
                    },
                    "s": [
                      0,
                      0
                    ],
                    "t": 8
                  },
                  {
                    "s": [
                      100,
                      100
                    ],
                    "t": 23
                  }
                ]
              },
              "sk": {
                "a": 0,
                "k": 0
              },
              "p": {
                "a": 0,
                "k": [
                  125.762,
                  366.424
                ]
              },
              "r": {
                "a": 0,
                "k": 0
              },
              "sa": {
                "a": 0,
                "k": 0
              },
              "o": {
                "a": 0,
                "k": 100
              }
            }
          ]
        },
        {
          "ty": "gr",
          "bm": 0,
          "hd": false,
          "nm": "G",
          "it": [
            {
              "ty": "sh",
              "bm": 0,
              "hd": false,
              "nm": "P",
              "d": 1,
              "ks": {
                "a": 0,
                "k": {
                  "c": true,
                  "i": [
                    [
                      0,
                      -22.781
                    ],
                    [
                      0,
                      0
                    ],
                    [
                      22.781,
                      0
                    ],
                    [
                      0,
                      0
                    ],
                    [
                      0,
                      22.781
                    ],
                    [
                      -22.781,
                      0
                    ],
                    [
                      0,
                      0
                    ]
                  ],
                  "o": [
                    [
                      0,
                      0
                    ],
                    [
                      0,
                      22.781
                    ],
                    [
                      0,
                      0
                    ],
                    [
                      -22.781,
                      0
                    ],
                    [
                      0,
                      -22.781
                    ],
                    [
                      0,
                      0
                    ],
                    [
                      22.781,
                      0
                    ]
                  ],
                  "v": [
                    [
                      75,
                      0
                    ],
                    [
                      75,
                      0
                    ],
                    [
                      33.752,
                      41.248
                    ],
                    [
                      -33.752,
                      41.248
                    ],
                    [
                      -75,
                      0
                    ],
                    [
                      -33.752,
                      -41.248
                    ],
                    [
                      33.752,
                      -41.248
                    ]
                  ]
                }
              }
            },
            {
              "ty": "mm",
              "bm": 0,
              "hd": false,
              "nm": "M",
              "mm": 4
            },
            {
              "ty": "fl",
              "bm": 0,
              "hd": false,
              "nm": "F",
              "c": {
                "a": 0,
                "k": [
                  0.3686,
                  0.2941,
                  0.9569
                ]
              },
              "r": 1,
              "o": {
                "a": 0,
                "k": 100
              }
            },
            {
              "ty": "tr",
              "a": {
                "a": 0,
                "k": [
                  0,
                  0
                ]
              },
              "s": {
                "a": 1,
                "k": [
                  {
                    "o": {
                      "x": 0.333,
                      "y": 0
                    },
                    "i": {
                      "x": 0,
                      "y": 1
                    },
                    "s": [
                      0,
                      0
                    ],
                    "t": 10
                  },
                  {
                    "s": [
                      100,
                      100
                    ],
                    "t": 25
                  }
                ]
              },
              "sk": {
                "a": 0,
                "k": 0
              },
              "p": {
                "a": 0,
                "k": [
                  75.25,
                  246.163
                ]
              },
              "r": {
                "a": 0,
                "k": 0
              },
              "sa": {
                "a": 0,
                "k": 0
              },
              "o": {
                "a": 0,
                "k": 100
              }
            }
          ]
        },
        {
          "ty": "gr",
          "bm": 0,
          "hd": false,
          "nm": "G",
          "it": [
            {
              "ty": "sh",
              "bm": 0,
              "hd": false,
              "nm": "P",
              "d": 1,
              "ks": {
                "a": 0,
                "k": {
                  "c": true,
                  "i": [
                    [
                      16.108,
                      -16.108
                    ],
                    [
                      0,
                      0
                    ],
                    [
                      16.109,
                      16.108
                    ],
                    [
                      0,
                      0
                    ],
                    [
                      -16.108,
                      16.108
                    ],
                    [
                      -16.108,
                      -16.108
                    ],
                    [
                      0,
                      0
                    ]
                  ],
                  "o": [
                    [
                      0,
                      0
                    ],
                    [
                      -16.108,
                      16.108
                    ],
                    [
                      0,
                      0
                    ],
                    [
                      -16.108,
                      -16.108
                    ],
                    [
                      16.108,
                      -16.108
                    ],
                    [
                      0,
                      0
                    ],
                    [
                      16.108,
                      16.108
                    ]
                  ],
                  "v": [
                    [
                      53.033,
                      53.033
                    ],
                    [
                      53.033,
                      53.033
                    ],
                    [
                      -5.301,
                      53.033
                    ],
                    [
                      -53.033,
                      5.3
                    ],
                    [
                      -53.033,
                      -53.033
                    ],
                    [
                      5.3,
                      -53.033
                    ],
                    [
                      53.033,
                      -5.3
                    ]
                  ]
                }
              }
            },
            {
              "ty": "mm",
              "bm": 0,
              "hd": false,
              "nm": "M",
              "mm": 4
            },
            {
              "ty": "fl",
              "bm": 0,
              "hd": false,
              "nm": "F",
              "c": {
                "a": 0,
                "k": [
                  0.3686,
                  0.2941,
                  0.9569
                ]
              },
              "r": 1,
              "o": {
                "a": 0,
                "k": 100
              }
            },
            {
              "ty": "tr",
              "a": {
                "a": 0,
                "k": [
                  0,
                  0
                ]
              },
              "s": {
                "a": 1,
                "k": [
                  {
                    "o": {
                      "x": 0.333,
                      "y": 0
                    },
                    "i": {
                      "x": 0,
                      "y": 1
                    },
                    "s": [
                      0,
                      0
                    ],
                    "t": 12
                  },
                  {
                    "s": [
                      100,
                      100
                    ],
                    "t": 27
                  }
                ]
              },
              "sk": {
                "a": 0,
                "k": 0
              },
              "p": {
                "a": 0,
                "k": [
                  124.57,
                  125.409
                ]
              },
              "r": {
                "a": 0,
                "k": 0
              },
              "sa": {
                "a": 0,
                "k": 0
              },
              "o": {
                "a": 0,
                "k": 100
              }
            }
          ]
        },
        {
          "ty": "gr",
          "bm": 0,
          "hd": false,
          "nm": "G",
          "it": [
            {
              "ty": "sh",
              "bm": 0,
              "hd": false,
              "nm": "P",
              "d": 1,
              "ks": {
                "a": 0,
                "k": {
                  "c": true,
                  "i": [
                    [
                      22.781,
                      0
                    ],
                    [
                      0,
                      0
                    ],
                    [
                      0,
                      22.781
                    ],
                    [
                      0,
                      0
                    ],
                    [
                      -22.781,
                      0
                    ],
                    [
                      0,
                      -22.781
                    ],
                    [
                      0,
                      0
                    ]
                  ],
                  "o": [
                    [
                      0,
                      0
                    ],
                    [
                      -22.781,
                      0
                    ],
                    [
                      0,
                      0
                    ],
                    [
                      0,
                      -22.781
                    ],
                    [
                      22.781,
                      0
                    ],
                    [
                      0,
                      0
                    ],
                    [
                      0,
                      22.781
                    ]
                  ],
                  "v": [
                    [
                      0,
                      75
                    ],
                    [
                      0,
                      75
                    ],
                    [
                      -41.248,
                      33.752
                    ],
                    [
                      -41.248,
                      -33.752
                    ],
                    [
                      0,
                      -75
                    ],
                    [
                      41.248,
                      -33.752
                    ],
                    [
                      41.248,
                      33.752
                    ]
                  ]
                }
              }
            },
            {
              "ty": "mm",
              "bm": 0,
              "hd": false,
              "nm": "M",
              "mm": 4
            },
            {
              "ty": "fl",
              "bm": 0,
              "hd": false,
              "nm": "F",
              "c": {
                "a": 0,
                "k": [
                  0.3686,
                  0.2941,
                  0.9569
                ]
              },
              "r": 1,
              "o": {
                "a": 0,
                "k": 100
              }
            },
            {
              "ty": "tr",
              "a": {
                "a": 0,
                "k": [
                  0,
                  0
                ]
              },
              "s": {
                "a": 1,
                "k": [
                  {
                    "o": {
                      "x": 0.333,
                      "y": 0
                    },
                    "i": {
                      "x": 0,
                      "y": 1
                    },
                    "s": [
                      0,
                      0
                    ],
                    "t": 14
                  },
                  {
                    "s": [
                      100,
                      100
                    ],
                    "t": 29
                  }
                ]
              },
              "sk": {
                "a": 0,
                "k": 0
              },
              "p": {
                "a": 0,
                "k": [
                  243.98,
                  75.25
                ]
              },
              "r": {
                "a": 0,
                "k": 0
              },
              "sa": {
                "a": 0,
                "k": 0
              },
              "o": {
                "a": 0,
                "k": 100
              }
            }
          ]
        }
      ],
      "ind": 1
    }
  ],
  "v": "4.8.0",
  "fr": 29.9700012207031,
  "op": 91.000003706506,
  "ip": 0,
  "assets": []
}