{"v":"5.5.9","fr":60,"ip":0,"op":192,"w":600,"h":600,"nm":"Files","ddd":0,"assets":[],"layers":[{"ddd":0,"ind":1,"ty":4,"nm":"Layer 5/Folder Outlines","sr":1,"ks":{"o":{"a":0,"k":100,"ix":11},"r":{"a":0,"k":0,"ix":10},"p":{"a":0,"k":[239.062,301.75,0],"ix":2},"a":{"a":0,"k":[591.125,344,0],"ix":1},"s":{"a":0,"k":[100,100,100],"ix":6}},"ao":0,"shapes":[{"ty":"gr","it":[{"ind":0,"ty":"sh","ix":1,"ks":{"a":1,"k":[{"i":{"x":0.117,"y":1},"o":{"x":0.206,"y":0},"t":65,"s":[{"i":[[0,0],[0,0],[0,0],[0,0]],"o":[[0,0],[0,0],[0,0],[0,0]],"v":[[-27.5,-21.667],[-27.5,-21.667],[-27.5,-11.667],[-27.5,-11.667]],"c":true}]},{"t":101,"s":[{"i":[[0,0],[0,0],[0,0],[0,0]],"o":[[0,0],[0,0],[0,0],[0,0]],"v":[[27.5,-21.667],[-27.5,-21.667],[-27.5,-11.667],[27.5,-11.667]],"c":true}]}],"ix":2},"nm":"Path 1","mn":"ADBE Vector Shape - Group","hd":false},{"ty":"fl","c":{"a":0,"k":[0.999999820485,0.999999760646,0.999999820485,1],"ix":4},"o":{"a":0,"k":100,"ix":5},"r":1,"bm":0,"nm":"Fill 1","mn":"ADBE Vector Graphic - Fill","hd":false},{"ty":"tr","p":{"a":0,"k":[591.125,360.667],"ix":2},"a":{"a":0,"k":[0,0],"ix":1},"s":{"a":0,"k":[100,100],"ix":3},"r":{"a":0,"k":0,"ix":6},"o":{"a":0,"k":100,"ix":7},"sk":{"a":0,"k":0,"ix":4},"sa":{"a":0,"k":0,"ix":5},"nm":"Transform"}],"nm":"Group 1","np":2,"cix":2,"bm":0,"ix":1,"mn":"ADBE Vector Group","hd":false}],"ip":65,"op":3611,"st":11,"bm":0},{"ddd":0,"ind":2,"ty":4,"nm":"Layer 6/Folder Outlines","sr":1,"ks":{"o":{"a":0,"k":100,"ix":11},"r":{"a":0,"k":0,"ix":10},"p":{"a":0,"k":[239.062,284.5,0],"ix":2},"a":{"a":0,"k":[591.125,344,0],"ix":1},"s":{"a":0,"k":[100,100,100],"ix":6}},"ao":0,"shapes":[{"ty":"gr","it":[{"ind":0,"ty":"sh","ix":1,"ks":{"a":1,"k":[{"i":{"x":0.117,"y":1},"o":{"x":0.206,"y":0},"t":60,"s":[{"i":[[0,0],[0,0],[0,0],[0,0]],"o":[[0,0],[0,0],[0,0],[0,0]],"v":[[-27.5,-5],[-27.5,-5],[-27.5,5],[-27.5,5]],"c":true}]},{"t":96,"s":[{"i":[[0,0],[0,0],[0,0],[0,0]],"o":[[0,0],[0,0],[0,0],[0,0]],"v":[[27.5,-5],[-27.5,-5],[-27.5,5],[27.5,5]],"c":true}]}],"ix":2},"nm":"Path 1","mn":"ADBE Vector Shape - Group","hd":false},{"ty":"fl","c":{"a":0,"k":[0.999999820485,0.999999760646,0.999999820485,1],"ix":4},"o":{"a":0,"k":100,"ix":5},"r":1,"bm":0,"nm":"Fill 1","mn":"ADBE Vector Graphic - Fill","hd":false},{"ty":"tr","p":{"a":0,"k":[591.125,344],"ix":2},"a":{"a":0,"k":[0,0],"ix":1},"s":{"a":0,"k":[100,100],"ix":3},"r":{"a":0,"k":0,"ix":6},"o":{"a":0,"k":100,"ix":7},"sk":{"a":0,"k":0,"ix":4},"sa":{"a":0,"k":0,"ix":5},"nm":"Transform"}],"nm":"Group 1","np":2,"cix":2,"bm":0,"ix":1,"mn":"ADBE Vector Group","hd":false}],"ip":60,"op":3606,"st":6,"bm":0},{"ddd":0,"ind":3,"ty":4,"nm":"Layer 7/Folder Outlines","sr":1,"ks":{"o":{"a":0,"k":100,"ix":11},"r":{"a":0,"k":0,"ix":10},"p":{"a":0,"k":[225.396,267.25,0],"ix":2},"a":{"a":0,"k":[577.458,326.75,0],"ix":1},"s":{"a":0,"k":[100,100,100],"ix":6}},"ao":0,"shapes":[{"ty":"gr","it":[{"ind":0,"ty":"sh","ix":1,"ks":{"a":1,"k":[{"i":{"x":0.212,"y":1},"o":{"x":0.208,"y":0},"t":54,"s":[{"i":[[0,0],[0,0],[0,0],[0,0]],"o":[[0,0],[0,0],[0,0],[0,0]],"v":[[-13.792,-5],[-13.833,-5],[-13.833,5],[-13.792,5]],"c":true}]},{"t":90,"s":[{"i":[[0,0],[0,0],[0,0],[0,0]],"o":[[0,0],[0,0],[0,0],[0,0]],"v":[[13.833,-5],[-13.833,-5],[-13.833,5],[13.833,5]],"c":true}]}],"ix":2},"nm":"Path 1","mn":"ADBE Vector Shape - Group","hd":false},{"ty":"fl","c":{"a":0,"k":[0.172175418629,0.174530941832,0.245082810346,1],"ix":4},"o":{"a":0,"k":100,"ix":5},"r":1,"bm":0,"nm":"Fill 1","mn":"ADBE Vector Graphic - Fill","hd":false},{"ty":"tr","p":{"a":0,"k":[577.458,326.75],"ix":2},"a":{"a":0,"k":[0,0],"ix":1},"s":{"a":0,"k":[100,100],"ix":3},"r":{"a":0,"k":0,"ix":6},"o":{"a":0,"k":100,"ix":7},"sk":{"a":0,"k":0,"ix":4},"sa":{"a":0,"k":0,"ix":5},"nm":"Transform"}],"nm":"Group 1","np":2,"cix":2,"bm":0,"ix":1,"mn":"ADBE Vector Group","hd":false}],"ip":54,"op":3600,"st":0,"bm":0},{"ddd":0,"ind":4,"ty":4,"nm":"Layer 4/Folder Outlines","sr":1,"ks":{"o":{"a":0,"k":100,"ix":11},"r":{"a":0,"k":0,"ix":10},"p":{"a":0,"k":[300.062,304.25,0],"ix":2},"a":{"a":0,"k":[652.125,363.75,0],"ix":1},"s":{"a":1,"k":[{"i":{"x":[0.143,0.143,0.667],"y":[1,1,1]},"o":{"x":[0.205,0.205,0.333],"y":[0,0,0]},"t":2,"s":[0,0,100]},{"t":20,"s":[100,100,100]}],"ix":6}},"ao":0,"shapes":[{"ty":"gr","it":[{"ind":0,"ty":"sh","ix":1,"ks":{"a":1,"k":[{"i":{"x":0.174,"y":1},"o":{"x":0.167,"y":0},"t":13,"s":[{"i":[[0,0],[6.627,0],[0,0],[0,6.627],[0,0],[-6.627,0],[0,0],[0,-6.627]],"o":[[0,6.627],[0,0],[-6.627,0],[0,0],[0,-6.627],[0,0],[6.627,0],[0,0]],"v":[[13.188,-4.125],[1.187,7.875],[-0.938,8.125],[-12.938,-3.875],[-12.938,-5.562],[-0.938,-17.562],[1.187,-17.812],[13.188,-5.812]],"c":true}]},{"i":{"x":0.182,"y":1},"o":{"x":0.333,"y":0},"t":30,"s":[{"i":[[0,0],[6.627,0],[0,0],[0,6.627],[0,0],[-6.627,0],[0,0],[0,-6.627]],"o":[[0,6.627],[0,0],[-6.627,0],[0,0],[0,-6.627],[0,0],[6.627,0],[0,0]],"v":[[13.188,65.5],[1.187,77.5],[-0.938,77.75],[-12.938,65.75],[-12.938,-65.75],[-0.938,-77.75],[1.187,-78],[13.188,-66]],"c":true}]},{"t":75,"s":[{"i":[[0,0],[6.627,0],[0,0],[0,6.627],[0,0],[-6.627,0],[0,0],[0,-6.627]],"o":[[0,6.627],[0,0],[-6.627,0],[0,0],[0,-6.627],[0,0],[6.627,0],[0,0]],"v":[[105.5,53.75],[93.5,65.75],[-93.5,65.75],[-105.5,53.75],[-105.5,-53.75],[-93.5,-65.75],[93.5,-65.75],[105.5,-53.75]],"c":true}]}],"ix":2},"nm":"Path 1","mn":"ADBE Vector Shape - Group","hd":false},{"ty":"fl","c":{"a":0,"k":[0.97632709578,0.857784375957,0.373817563524,1],"ix":4},"o":{"a":0,"k":100,"ix":5},"r":1,"bm":0,"nm":"Fill 1","mn":"ADBE Vector Graphic - Fill","hd":false},{"ty":"tr","p":{"a":0,"k":[652.125,363.75],"ix":2},"a":{"a":0,"k":[0,0],"ix":1},"s":{"a":0,"k":[100,100],"ix":3},"r":{"a":0,"k":0,"ix":6},"o":{"a":0,"k":100,"ix":7},"sk":{"a":0,"k":0,"ix":4},"sa":{"a":0,"k":0,"ix":5},"nm":"Transform"}],"nm":"Group 1","np":2,"cix":2,"bm":0,"ix":1,"mn":"ADBE Vector Group","hd":false}],"ip":0,"op":3600,"st":0,"bm":0},{"ddd":0,"ind":5,"ty":4,"nm":"Layer 3/Folder Outlines","sr":1,"ks":{"o":{"a":0,"k":100,"ix":11},"r":{"a":0,"k":0,"ix":10},"p":{"a":1,"k":[{"i":{"x":0.18,"y":1},"o":{"x":0.227,"y":0},"t":47,"s":[299.375,280.5,0],"to":[0,-7.833,0],"ti":[0,7.833,0]},{"t":81,"s":[299.375,233.5,0]}],"ix":2},"a":{"a":0,"k":[651.438,293,0],"ix":1},"s":{"a":0,"k":[100,100,100],"ix":6}},"ao":0,"shapes":[{"ty":"gr","it":[{"ind":0,"ty":"sh","ix":1,"ks":{"a":0,"k":{"i":[[0,0],[0,0],[0,0],[0,0]],"o":[[0,0],[0,0],[0,0],[0,0]],"v":[[87.812,-5],[-87.812,-5],[-87.938,9.629],[87.688,9.629]],"c":true},"ix":2},"nm":"Path 1","mn":"ADBE Vector Shape - Group","hd":false},{"ty":"fl","c":{"a":0,"k":[0.999999820485,0.999999760646,0.999999820485,1],"ix":4},"o":{"a":0,"k":100,"ix":5},"r":1,"bm":0,"nm":"Fill 1","mn":"ADBE Vector Graphic - Fill","hd":false},{"ty":"tr","p":{"a":0,"k":[651.438,293],"ix":2},"a":{"a":0,"k":[0,0],"ix":1},"s":{"a":0,"k":[100,100],"ix":3},"r":{"a":0,"k":0,"ix":6},"o":{"a":0,"k":100,"ix":7},"sk":{"a":0,"k":0,"ix":4},"sa":{"a":0,"k":0,"ix":5},"nm":"Transform"}],"nm":"Group 1","np":2,"cix":2,"bm":0,"ix":1,"mn":"ADBE Vector Group","hd":false}],"ip":56,"op":3600,"st":0,"bm":0},{"ddd":0,"ind":6,"ty":4,"nm":"Layer 2/Folder Outlines","sr":1,"ks":{"o":{"a":0,"k":100,"ix":11},"r":{"a":0,"k":0,"ix":10},"p":{"a":1,"k":[{"i":{"x":0.155,"y":1},"o":{"x":0.227,"y":0},"t":45,"s":[300.062,315.75,0],"to":[0,-7.083,0],"ti":[0,7.083,0]},{"t":79,"s":[300.062,273.25,0]}],"ix":2},"a":{"a":0,"k":[652.125,332.75,0],"ix":1},"s":{"a":1,"k":[{"i":{"x":[0.116,0.116,0.667],"y":[1,1,1]},"o":{"x":[0.244,0.244,0.333],"y":[0,0,0]},"t":45,"s":[59,59,100]},{"t":75,"s":[100,100,100]}],"ix":6}},"ao":0,"shapes":[{"ty":"gr","it":[{"ind":0,"ty":"sh","ix":1,"ks":{"a":0,"k":{"i":[[6.627,0],[0,0],[0,0],[6.627,0],[0,0],[0,-6.627],[0,0],[0,0],[0,0],[-0.337,0],[0,0],[0,6.626],[0,0]],"o":[[0,0],[0,0],[0,-6.627],[0,0],[-6.627,0],[0,0],[0,0],[0,0],[0.331,0.027],[0,0],[6.627,0],[0,0],[0,-6.627]],"v":[[88,-56.75],[-36,-56.75],[-36,-62.75],[-48,-74.75],[-88,-74.75],[-100,-62.75],[-100,-56.7],[-100,-13.417],[-100.062,36.699],[-99.062,36.75],[87.938,36.75],[99.938,24.75],[100,-44.75]],"c":true},"ix":2},"nm":"Path 1","mn":"ADBE Vector Shape - Group","hd":false},{"ty":"fl","c":{"a":0,"k":[0.96727031633,0.69030528349,0.142705565808,1],"ix":4},"o":{"a":0,"k":100,"ix":5},"r":1,"bm":0,"nm":"Fill 1","mn":"ADBE Vector Graphic - Fill","hd":false},{"ty":"tr","p":{"a":0,"k":[652.125,332.75],"ix":2},"a":{"a":0,"k":[0,0],"ix":1},"s":{"a":0,"k":[100,100],"ix":3},"r":{"a":0,"k":0,"ix":6},"o":{"a":0,"k":100,"ix":7},"sk":{"a":0,"k":0,"ix":4},"sa":{"a":0,"k":0,"ix":5},"nm":"Transform"}],"nm":"Group 1","np":2,"cix":2,"bm":0,"ix":1,"mn":"ADBE Vector Group","hd":false}],"ip":45,"op":3581,"st":-19,"bm":0}],"markers":[]}