{
  "v": "5.5.8",
  "fr": 30,
  "ip": 0,
  "op": 90,
  "w": 300,
  "h": 300,
  "nm": "Comp 1",
  "ddd": 0,
  "assets": [],
  "layers": [
    {
      "ddd": 0,
      "ind": 1,
      "ty": 4,
      "nm": "",
      "sr": 1,
      "ks": {
        "o": {
          "a": 0,
          "k": 100,
          "ix": 11
        },
        "r": {
          "a": 0,
          "k": 0,
          "ix": 10
        },
        "p": {
          "a": 0,
          "k": [
            154.041,
            146.563,
            0
          ],
          "ix": 2
        },
        "a": {
          "a": 0,
          "k": [
            4.041,
            -3.437,
            0
          ],
          "ix": 1
        },
        "s": {
          "a": 1,
          "k": [
            {
              "i": {
                "x": [
                  0.32,
                  0.32,
                  0.32
                ],
                "y": [
                  1.27,
                  1.27,
                  1
                ]
              },
              "o": {
                "x": [
                  0.17,
                  0.17,
                  0.17
                ],
                "y": [
                  0.89,
                  0.89,
                  0
                ]
              },
              "t": 20,
              "s": [
                0,
                0,
                100
              ]
            },
            {
              "t": 30,
              "s": [
                100,
                100,
                100
              ]
            }
          ],
          "ix": 6
        }
      },
      "ao": 0,
      "shapes": [
        {
          "ty": "gr",
          "it": [
            {
              "ind": 0,
              "ty": "sh",
              "ix": 1,
              "ks": {
                "a": 0,
                "k": {
                  "i": [
                    [
                      14.318,
                      0
                    ],
                    [
                      0,
                      13.327
                    ],
                    [
                      -14.318,
                      0
                    ],
                    [
                      0,
                      -13.328
                    ]
                  ],
                  "o": [
                    [
                      -14.318,
                      0
                    ],
                    [
                      0,
                      -13.328
                    ],
                    [
                      14.318,
                      0
                    ],
                    [
                      0,
                      13.327
                    ]
                  ],
                  "v": [
                    [
                      4.041,
                      -62.904
                    ],
                    [
                      -21.885,
                      -87.036
                    ],
                    [
                      4.041,
                      -111.167
                    ],
                    [
                      29.966,
                      -87.036
                    ]
                  ],
                  "c": true
                },
                "ix": 2
              },
              "nm": "Path 1",
              "mn": "ADBE Vector Shape - Group",
              "hd": false
            },
            {
              "ind": 1,
              "ty": "sh",
              "ix": 2,
              "ks": {
                "a": 0,
                "k": {
                  "i": [
                    [
                      22.24,
                      0
                    ],
                    [
                      0,
                      -20.701
                    ],
                    [
                      0,
                      0
                    ],
                    [
                      0,
                      20.701
                    ]
                  ],
                  "o": [
                    [
                      -22.24,
                      0
                    ],
                    [
                      0,
                      20.701
                    ],
                    [
                      0,
                      0
                    ],
                    [
                      0,
                      -20.701
                    ]
                  ],
                  "v": [
                    [
                      4.041,
                      -125.667
                    ],
                    [
                      -36.227,
                      -88.185
                    ],
                    [
                      4.041,
                      -3.437
                    ],
                    [
                      44.309,
                      -88.185
                    ]
                  ],
                  "c": true
                },
                "ix": 2
              },
              "nm": "Path 2",
              "mn": "ADBE Vector Shape - Group",
              "hd": false
            },
            {
              "ty": "st",
              "c": {
                "a": 0,
                "k": [
                  0,
                  0,
                  0,
                  1
                ],
                "ix": 3
              },
              "o": {
                "a": 0,
                "k": 100,
                "ix": 4
              },
              "w": {
                "a": 0,
                "k": 6,
                "ix": 5
              },
              "lc": 2,
              "lj": 2,
              "bm": 0,
              "nm": "Stroke 1",
              "mn": "ADBE Vector Graphic - Stroke",
              "hd": false
            },
            {
              "ty": "fl",
              "c": {
                "a": 0,
                "k": [
                  0.75686275959,
                  0.152941182256,
                  0.176470592618,
                  1
                ],
                "ix": 4
              },
              "o": {
                "a": 0,
                "k": 100,
                "ix": 5
              },
              "r": 1,
              "bm": 0,
              "nm": "Fill 1",
              "mn": "ADBE Vector Graphic - Fill",
              "hd": false
            },
            {
              "ty": "tr",
              "p": {
                "a": 0,
                "k": [
                  0,
                  0
                ],
                "ix": 2
              },
              "a": {
                "a": 0,
                "k": [
                  0,
                  0
                ],
                "ix": 1
              },
              "s": {
                "a": 0,
                "k": [
                  100,
                  100
                ],
                "ix": 3
              },
              "r": {
                "a": 0,
                "k": 0,
                "ix": 6
              },
              "o": {
                "a": 0,
                "k": 100,
                "ix": 7
              },
              "sk": {
                "a": 0,
                "k": 0,
                "ix": 4
              },
              "sa": {
                "a": 0,
                "k": 0,
                "ix": 5
              },
              "nm": "Transform"
            }
          ],
          "nm": "Group 1",
          "np": 4,
          "cix": 2,
          "bm": 0,
          "ix": 1,
          "mn": "ADBE Vector Group",
          "hd": false
        }
      ],
      "ip": 20,
      "op": 90,
      "st": 0,
      "bm": 0
    },
    {
      "ddd": 0,
      "ind": 2,
      "ty": 4,
      "nm": " 4",
      "sr": 1,
      "ks": {
        "o": {
          "a": 0,
          "k": 100,
          "ix": 11
        },
        "r": {
          "a": 0,
          "k": 0,
          "ix": 10
        },
        "p": {
          "a": 0,
          "k": [
            154.041,
            146.701,
            0
          ],
          "ix": 2
        },
        "a": {
          "a": 0,
          "k": [
            4.041,
            -3.299,
            0
          ],
          "ix": 1
        },
        "s": {
          "a": 0,
          "k": [
            100,
            100,
            100
          ],
          "ix": 6
        }
      },
      "ao": 0,
      "shapes": [
        {
          "ty": "gr",
          "it": [
            {
              "ind": 0,
              "ty": "sh",
              "ix": 1,
              "ks": {
                "a": 0,
                "k": {
                  "i": [
                    [
                      0,
                      -7.713
                    ],
                    [
                      35.792,
                      0
                    ],
                    [
                      0,
                      7.713
                    ],
                    [
                      -35.792,
                      0
                    ]
                  ],
                  "o": [
                    [
                      0,
                      7.713
                    ],
                    [
                      -35.792,
                      0
                    ],
                    [
                      0,
                      -7.713
                    ],
                    [
                      35.792,
                      0
                    ]
                  ],
                  "v": [
                    [
                      68.849,
                      -3.299
                    ],
                    [
                      4.041,
                      10.667
                    ],
                    [
                      -60.767,
                      -3.299
                    ],
                    [
                      4.041,
                      -17.264
                    ]
                  ],
                  "c": true
                },
                "ix": 2
              },
              "nm": "Path 1",
              "mn": "ADBE Vector Shape - Group",
              "hd": false
            },
            {
              "ty": "st",
              "c": {
                "a": 0,
                "k": [
                  0,
                  0,
                  0,
                  1
                ],
                "ix": 3
              },
              "o": {
                "a": 0,
                "k": 100,
                "ix": 4
              },
              "w": {
                "a": 0,
                "k": 6,
                "ix": 5
              },
              "lc": 2,
              "lj": 2,
              "bm": 0,
              "nm": "Stroke 1",
              "mn": "ADBE Vector Graphic - Stroke",
              "hd": false
            },
            {
              "ty": "tr",
              "p": {
                "a": 0,
                "k": [
                  0,
                  0
                ],
                "ix": 2
              },
              "a": {
                "a": 0,
                "k": [
                  0,
                  0
                ],
                "ix": 1
              },
              "s": {
                "a": 0,
                "k": [
                  100,
                  100
                ],
                "ix": 3
              },
              "r": {
                "a": 0,
                "k": 0,
                "ix": 6
              },
              "o": {
                "a": 0,
                "k": 100,
                "ix": 7
              },
              "sk": {
                "a": 0,
                "k": 0,
                "ix": 4
              },
              "sa": {
                "a": 0,
                "k": 0,
                "ix": 5
              },
              "nm": "Transform"
            }
          ],
          "nm": "Group 1",
          "np": 2,
          "cix": 2,
          "bm": 0,
          "ix": 1,
          "mn": "ADBE Vector Group",
          "hd": false
        },
        {
          "ty": "tm",
          "s": {
            "a": 0,
            "k": 0,
            "ix": 1
          },
          "e": {
            "a": 1,
            "k": [
              {
                "i": {
                  "x": [
                    0.5
                  ],
                  "y": [
                    1
                  ]
                },
                "o": {
                  "x": [
                    0.167
                  ],
                  "y": [
                    0.167
                  ]
                },
                "t": 30,
                "s": [
                  0
                ]
              },
              {
                "t": 50,
                "s": [
                  100
                ]
              }
            ],
            "ix": 2
          },
          "o": {
            "a": 0,
            "k": 0,
            "ix": 3
          },
          "m": 1,
          "ix": 2,
          "nm": "Trim In Path",
          "mn": "ADBE Vector Filter - Trim",
          "hd": false
        }
      ],
      "ip": 20,
      "op": 90,
      "st": 0,
      "bm": 0
    },
    {
      "ddd": 0,
      "ind": 3,
      "ty": 4,
      "nm": "1",
      "sr": 1,
      "ks": {
        "o": {
          "a": 0,
          "k": 100,
          "ix": 11
        },
        "r": {
          "a": 0,
          "k": 0,
          "ix": 10
        },
        "p": {
          "s": true,
          "x": {
            "a": 1,
            "k": [
              {
                "i": {
                  "x": [
                    0.32
                  ],
                  "y": [
                    1.216
                  ]
                },
                "o": {
                  "x": [
                    0.83
                  ],
                  "y": [
                    0.008
                  ]
                },
                "t": 10,
                "s": [
                  109.86
                ]
              },
              {
                "t": 22,
                "s": [
                  207.86
                ]
              }
            ],
            "ix": 3
          },
          "y": {
            "a": 0,
            "k": 240.229,
            "ix": 4
          }
        },
        "a": {
          "a": 0,
          "k": [
            -40.14,
            90.229,
            0
          ],
          "ix": 1
        },
        "s": {
          "a": 0,
          "k": [
            100,
            100,
            100
          ],
          "ix": 6
        }
      },
      "ao": 0,
      "shapes": [
        {
          "ty": "gr",
          "it": [
            {
              "ind": 0,
              "ty": "sh",
              "ix": 1,
              "ks": {
                "a": 0,
                "k": {
                  "i": [
                    [
                      0,
                      0
                    ],
                    [
                      0,
                      0
                    ]
                  ],
                  "o": [
                    [
                      0,
                      0
                    ],
                    [
                      0,
                      0
                    ]
                  ],
                  "v": [
                    [
                      -28,
                      78
                    ],
                    [
                      -28,
                      84
                    ]
                  ],
                  "c": false
                },
                "ix": 2
              },
              "nm": "Path 1",
              "mn": "ADBE Vector Shape - Group",
              "hd": false
            },
            {
              "ty": "st",
              "c": {
                "a": 0,
                "k": [
                  0,
                  0,
                  0,
                  1
                ],
                "ix": 3
              },
              "o": {
                "a": 0,
                "k": 100,
                "ix": 4
              },
              "w": {
                "a": 0,
                "k": 6,
                "ix": 5
              },
              "lc": 2,
              "lj": 2,
              "bm": 0,
              "nm": "Stroke 1",
              "mn": "ADBE Vector Graphic - Stroke",
              "hd": false
            },
            {
              "ty": "tr",
              "p": {
                "a": 0,
                "k": [
                  0,
                  0
                ],
                "ix": 2
              },
              "a": {
                "a": 0,
                "k": [
                  0,
                  0
                ],
                "ix": 1
              },
              "s": {
                "a": 0,
                "k": [
                  100,
                  100
                ],
                "ix": 3
              },
              "r": {
                "a": 0,
                "k": 0,
                "ix": 6
              },
              "o": {
                "a": 0,
                "k": 100,
                "ix": 7
              },
              "sk": {
                "a": 0,
                "k": 0,
                "ix": 4
              },
              "sa": {
                "a": 0,
                "k": 0,
                "ix": 5
              },
              "nm": "Transform"
            }
          ],
          "nm": "Group 1",
          "np": 2,
          "cix": 2,
          "bm": 0,
          "ix": 1,
          "mn": "ADBE Vector Group",
          "hd": false
        },
        {
          "ty": "gr",
          "it": [
            {
              "ind": 0,
              "ty": "sh",
              "ix": 1,
              "ks": {
                "a": 0,
                "k": {
                  "i": [
                    [
                      0,
                      0
                    ],
                    [
                      0,
                      0
                    ],
                    [
                      0,
                      0
                    ],
                    [
                      0,
                      0
                    ]
                  ],
                  "o": [
                    [
                      0,
                      0
                    ],
                    [
                      0,
                      0
                    ],
                    [
                      0,
                      0
                    ],
                    [
                      0,
                      0
                    ]
                  ],
                  "v": [
                    [
                      -10.758,
                      132.655
                    ],
                    [
                      -50.599,
                      132.655
                    ],
                    [
                      -50.599,
                      118.29
                    ],
                    [
                      -10.758,
                      118.29
                    ]
                  ],
                  "c": true
                },
                "ix": 2
              },
              "nm": "Path 1",
              "mn": "ADBE Vector Shape - Group",
              "hd": false
            },
            {
              "ty": "st",
              "c": {
                "a": 0,
                "k": [
                  0,
                  0,
                  0,
                  1
                ],
                "ix": 3
              },
              "o": {
                "a": 0,
                "k": 100,
                "ix": 4
              },
              "w": {
                "a": 0,
                "k": 6,
                "ix": 5
              },
              "lc": 2,
              "lj": 2,
              "bm": 0,
              "nm": "Stroke 1",
              "mn": "ADBE Vector Graphic - Stroke",
              "hd": false
            },
            {
              "ty": "fl",
              "c": {
                "a": 0,
                "k": [
                  0.929411768913,
                  0.109803922474,
                  0.141176477075,
                  1
                ],
                "ix": 4
              },
              "o": {
                "a": 0,
                "k": 100,
                "ix": 5
              },
              "r": 1,
              "bm": 0,
              "nm": "Fill 1",
              "mn": "ADBE Vector Graphic - Fill",
              "hd": false
            },
            {
              "ty": "tr",
              "p": {
                "a": 0,
                "k": [
                  0,
                  0
                ],
                "ix": 2
              },
              "a": {
                "a": 0,
                "k": [
                  0,
                  0
                ],
                "ix": 1
              },
              "s": {
                "a": 0,
                "k": [
                  100,
                  100
                ],
                "ix": 3
              },
              "r": {
                "a": 0,
                "k": 0,
                "ix": 6
              },
              "o": {
                "a": 0,
                "k": 100,
                "ix": 7
              },
              "sk": {
                "a": 0,
                "k": 0,
                "ix": 4
              },
              "sa": {
                "a": 0,
                "k": 0,
                "ix": 5
              },
              "nm": "Transform"
            }
          ],
          "nm": "Group 2",
          "np": 3,
          "cix": 2,
          "bm": 0,
          "ix": 2,
          "mn": "ADBE Vector Group",
          "hd": false
        },
        {
          "ty": "gr",
          "it": [
            {
              "ind": 0,
              "ty": "sh",
              "ix": 1,
              "ks": {
                "a": 0,
                "k": {
                  "i": [
                    [
                      0,
                      0
                    ],
                    [
                      0,
                      0
                    ]
                  ],
                  "o": [
                    [
                      0,
                      0
                    ],
                    [
                      0,
                      0
                    ]
                  ],
                  "v": [
                    [
                      -17.656,
                      78.125
                    ],
                    [
                      -17.654,
                      84.195
                    ]
                  ],
                  "c": false
                },
                "ix": 2
              },
              "nm": "Path 1",
              "mn": "ADBE Vector Shape - Group",
              "hd": false
            },
            {
              "ty": "st",
              "c": {
                "a": 0,
                "k": [
                  0,
                  0,
                  0,
                  1
                ],
                "ix": 3
              },
              "o": {
                "a": 0,
                "k": 100,
                "ix": 4
              },
              "w": {
                "a": 0,
                "k": 6,
                "ix": 5
              },
              "lc": 2,
              "lj": 2,
              "bm": 0,
              "nm": "Stroke 1",
              "mn": "ADBE Vector Graphic - Stroke",
              "hd": false
            },
            {
              "ty": "tr",
              "p": {
                "a": 0,
                "k": [
                  0,
                  0
                ],
                "ix": 2
              },
              "a": {
                "a": 0,
                "k": [
                  0,
                  0
                ],
                "ix": 1
              },
              "s": {
                "a": 0,
                "k": [
                  100,
                  100
                ],
                "ix": 3
              },
              "r": {
                "a": 0,
                "k": 0,
                "ix": 6
              },
              "o": {
                "a": 0,
                "k": 100,
                "ix": 7
              },
              "sk": {
                "a": 0,
                "k": 0,
                "ix": 4
              },
              "sa": {
                "a": 0,
                "k": 0,
                "ix": 5
              },
              "nm": "Transform"
            }
          ],
          "nm": "Group 3",
          "np": 2,
          "cix": 2,
          "bm": 0,
          "ix": 3,
          "mn": "ADBE Vector Group",
          "hd": false
        },
        {
          "ty": "gr",
          "it": [
            {
              "ind": 0,
              "ty": "sh",
              "ix": 1,
              "ks": {
                "a": 0,
                "k": {
                  "i": [
                    [
                      0,
                      0
                    ],
                    [
                      0,
                      0
                    ]
                  ],
                  "o": [
                    [
                      0,
                      0
                    ],
                    [
                      0,
                      0
                    ]
                  ],
                  "v": [
                    [
                      -38.34,
                      78.224
                    ],
                    [
                      -38.173,
                      84.197
                    ]
                  ],
                  "c": false
                },
                "ix": 2
              },
              "nm": "Path 1",
              "mn": "ADBE Vector Shape - Group",
              "hd": false
            },
            {
              "ty": "st",
              "c": {
                "a": 0,
                "k": [
                  0,
                  0,
                  0,
                  1
                ],
                "ix": 3
              },
              "o": {
                "a": 0,
                "k": 100,
                "ix": 4
              },
              "w": {
                "a": 0,
                "k": 6,
                "ix": 5
              },
              "lc": 2,
              "lj": 2,
              "bm": 0,
              "nm": "Stroke 1",
              "mn": "ADBE Vector Graphic - Stroke",
              "hd": false
            },
            {
              "ty": "tr",
              "p": {
                "a": 0,
                "k": [
                  0,
                  0
                ],
                "ix": 2
              },
              "a": {
                "a": 0,
                "k": [
                  0,
                  0
                ],
                "ix": 1
              },
              "s": {
                "a": 0,
                "k": [
                  100,
                  100
                ],
                "ix": 3
              },
              "r": {
                "a": 0,
                "k": 0,
                "ix": 6
              },
              "o": {
                "a": 0,
                "k": 100,
                "ix": 7
              },
              "sk": {
                "a": 0,
                "k": 0,
                "ix": 4
              },
              "sa": {
                "a": 0,
                "k": 0,
                "ix": 5
              },
              "nm": "Transform"
            }
          ],
          "nm": "Group 4",
          "np": 2,
          "cix": 2,
          "bm": 0,
          "ix": 4,
          "mn": "ADBE Vector Group",
          "hd": false
        },
        {
          "ty": "gr",
          "it": [
            {
              "ind": 0,
              "ty": "sh",
              "ix": 1,
              "ks": {
                "a": 0,
                "k": {
                  "i": [
                    [
                      2.782,
                      0.131
                    ],
                    [
                      0,
                      -2.939
                    ],
                    [
                      2.856,
                      0
                    ],
                    [
                      0,
                      -2.856
                    ],
                    [
                      2.856,
                      0
                    ],
                    [
                      0,
                      -2.856
                    ],
                    [
                      0,
                      0
                    ],
                    [
                      2.885,
                      0.136
                    ],
                    [
                      0,
                      -3.048
                    ],
                    [
                      0,
                      0
                    ],
                    [
                      0,
                      0
                    ],
                    [
                      0,
                      0
                    ],
                    [
                      0,
                      0
                    ],
                    [
                      2.02,
                      -2.02
                    ],
                    [
                      0,
                      0
                    ],
                    [
                      -2.02,
                      -2.02
                    ],
                    [
                      0,
                      0
                    ],
                    [
                      0,
                      0
                    ],
                    [
                      0,
                      0
                    ],
                    [
                      0,
                      7.229
                    ],
                    [
                      0,
                      0
                    ],
                    [
                      0,
                      0
                    ],
                    [
                      0,
                      0
                    ]
                  ],
                  "o": [
                    [
                      -2.97,
                      -0.14
                    ],
                    [
                      0,
                      -2.856
                    ],
                    [
                      -2.856,
                      0
                    ],
                    [
                      0,
                      -2.856
                    ],
                    [
                      -2.856,
                      0
                    ],
                    [
                      0,
                      0
                    ],
                    [
                      0,
                      -2.888
                    ],
                    [
                      -3.08,
                      -0.145
                    ],
                    [
                      0,
                      0
                    ],
                    [
                      0,
                      0
                    ],
                    [
                      0,
                      0
                    ],
                    [
                      0,
                      0
                    ],
                    [
                      -2.02,
                      -2.02
                    ],
                    [
                      0,
                      0
                    ],
                    [
                      -2.02,
                      2.02
                    ],
                    [
                      0,
                      0
                    ],
                    [
                      0,
                      0
                    ],
                    [
                      0,
                      0
                    ],
                    [
                      7.229,
                      0
                    ],
                    [
                      0,
                      0
                    ],
                    [
                      0,
                      0
                    ],
                    [
                      0,
                      0
                    ],
                    [
                      0,
                      -2.785
                    ]
                  ],
                  "v": [
                    [
                      -12.232,
                      73.092
                    ],
                    [
                      -17.654,
                      78.257
                    ],
                    [
                      -22.825,
                      73.086
                    ],
                    [
                      -27.997,
                      78.257
                    ],
                    [
                      -33.169,
                      73.086
                    ],
                    [
                      -38.34,
                      78.257
                    ],
                    [
                      -38.34,
                      53.317
                    ],
                    [
                      -43.444,
                      47.808
                    ],
                    [
                      -49.067,
                      53.165
                    ],
                    [
                      -49.067,
                      87.898
                    ],
                    [
                      -49.067,
                      93.006
                    ],
                    [
                      -49.067,
                      100.394
                    ],
                    [
                      -64.14,
                      88.386
                    ],
                    [
                      -71.454,
                      88.386
                    ],
                    [
                      -71.454,
                      88.386
                    ],
                    [
                      -71.454,
                      95.7
                    ],
                    [
                      -49.067,
                      118.29
                    ],
                    [
                      -49.067,
                      118.29
                    ],
                    [
                      -20.399,
                      118.29
                    ],
                    [
                      -7.311,
                      105.201
                    ],
                    [
                      -7.311,
                      87.452
                    ],
                    [
                      -7.311,
                      87.898
                    ],
                    [
                      -7.311,
                      78.403
                    ]
                  ],
                  "c": true
                },
                "ix": 2
              },
              "nm": "Path 1",
              "mn": "ADBE Vector Shape - Group",
              "hd": false
            },
            {
              "ty": "st",
              "c": {
                "a": 0,
                "k": [
                  0,
                  0,
                  0,
                  1
                ],
                "ix": 3
              },
              "o": {
                "a": 0,
                "k": 100,
                "ix": 4
              },
              "w": {
                "a": 0,
                "k": 6,
                "ix": 5
              },
              "lc": 2,
              "lj": 2,
              "bm": 0,
              "nm": "Stroke 1",
              "mn": "ADBE Vector Graphic - Stroke",
              "hd": false
            },
            {
              "ty": "fl",
              "c": {
                "a": 0,
                "k": [
                  0.984313726425,
                  0.690196096897,
                  0.23137255013,
                  1
                ],
                "ix": 4
              },
              "o": {
                "a": 0,
                "k": 100,
                "ix": 5
              },
              "r": 1,
              "bm": 0,
              "nm": "Fill 1",
              "mn": "ADBE Vector Graphic - Fill",
              "hd": false
            },
            {
              "ty": "tr",
              "p": {
                "a": 0,
                "k": [
                  0,
                  0
                ],
                "ix": 2
              },
              "a": {
                "a": 0,
                "k": [
                  0,
                  0
                ],
                "ix": 1
              },
              "s": {
                "a": 0,
                "k": [
                  100,
                  100
                ],
                "ix": 3
              },
              "r": {
                "a": 0,
                "k": 0,
                "ix": 6
              },
              "o": {
                "a": 0,
                "k": 100,
                "ix": 7
              },
              "sk": {
                "a": 0,
                "k": 0,
                "ix": 4
              },
              "sa": {
                "a": 0,
                "k": 0,
                "ix": 5
              },
              "nm": "Transform"
            }
          ],
          "nm": "Group 5",
          "np": 3,
          "cix": 2,
          "bm": 0,
          "ix": 5,
          "mn": "ADBE Vector Group",
          "hd": false
        }
      ],
      "ip": 0,
      "op": 90,
      "st": 0,
      "bm": 0
    },
    {
      "ddd": 0,
      "ind": 4,
      "ty": 4,
      "nm": " 2",
      "sr": 1,
      "ks": {
        "o": {
          "a": 0,
          "k": 100,
          "ix": 11
        },
        "r": {
          "a": 0,
          "k": 0,
          "ix": 10
        },
        "p": {
          "s": true,
          "x": {
            "a": 1,
            "k": [
              {
                "i": {
                  "x": [
                    0.32
                  ],
                  "y": [
                    1.27
                  ]
                },
                "o": {
                  "x": [
                    0.83
                  ],
                  "y": [
                    0.01
                  ]
                },
                "t": 10,
                "s": [
                  105.86
                ]
              },
              {
                "t": 25,
                "s": [
                  203.86
                ]
              }
            ],
            "ix": 3
          },
          "y": {
            "a": 0,
            "k": 203.326,
            "ix": 4
          }
        },
        "a": {
          "a": 0,
          "k": [
            -43.988,
            53.326,
            0
          ],
          "ix": 1
        },
        "s": {
          "a": 0,
          "k": [
            100,
            100,
            100
          ],
          "ix": 6
        }
      },
      "ao": 0,
      "shapes": [
        {
          "ty": "gr",
          "it": [
            {
              "ind": 0,
              "ty": "sh",
              "ix": 1,
              "ks": {
                "a": 0,
                "k": {
                  "i": [
                    [
                      0,
                      -12.708
                    ],
                    [
                      12.708,
                      0
                    ],
                    [
                      0,
                      12.708
                    ],
                    [
                      -12.708,
                      0
                    ]
                  ],
                  "o": [
                    [
                      0,
                      12.708
                    ],
                    [
                      -12.708,
                      0
                    ],
                    [
                      0,
                      -12.708
                    ],
                    [
                      12.708,
                      0
                    ]
                  ],
                  "v": [
                    [
                      -20.978,
                      53.326
                    ],
                    [
                      -43.988,
                      76.336
                    ],
                    [
                      -66.998,
                      53.326
                    ],
                    [
                      -43.988,
                      30.316
                    ]
                  ],
                  "c": true
                },
                "ix": 2
              },
              "nm": "Path 1",
              "mn": "ADBE Vector Shape - Group",
              "hd": false
            },
            {
              "ty": "st",
              "c": {
                "a": 0,
                "k": [
                  0,
                  0,
                  0,
                  1
                ],
                "ix": 3
              },
              "o": {
                "a": 0,
                "k": 100,
                "ix": 4
              },
              "w": {
                "a": 0,
                "k": 6,
                "ix": 5
              },
              "lc": 2,
              "lj": 2,
              "bm": 0,
              "nm": "Stroke 1",
              "mn": "ADBE Vector Graphic - Stroke",
              "hd": false
            },
            {
              "ty": "fl",
              "c": {
                "a": 1,
                "k": [
                  {
                    "i": {
                      "x": [
                        0.667
                      ],
                      "y": [
                        1
                      ]
                    },
                    "o": {
                      "x": [
                        0.333
                      ],
                      "y": [
                        0
                      ]
                    },
                    "t": 10,
                    "s": [
                      0.901960849762,
                      0.901960849762,
                      0.901960849762,
                      1
                    ]
                  },
                  {
                    "t": 25,
                    "s": [
                      0.156421035528,
                      0.654901981354,
                      0.074479043484,
                      1
                    ]
                  }
                ],
                "ix": 4
              },
              "o": {
                "a": 0,
                "k": 100,
                "ix": 5
              },
              "r": 1,
              "bm": 0,
              "nm": "Fill 1",
              "mn": "ADBE Vector Graphic - Fill",
              "hd": false
            },
            {
              "ty": "tr",
              "p": {
                "a": 0,
                "k": [
                  0,
                  0
                ],
                "ix": 2
              },
              "a": {
                "a": 0,
                "k": [
                  0,
                  0
                ],
                "ix": 1
              },
              "s": {
                "a": 0,
                "k": [
                  100,
                  100
                ],
                "ix": 3
              },
              "r": {
                "a": 0,
                "k": 0,
                "ix": 6
              },
              "o": {
                "a": 0,
                "k": 100,
                "ix": 7
              },
              "sk": {
                "a": 0,
                "k": 0,
                "ix": 4
              },
              "sa": {
                "a": 0,
                "k": 0,
                "ix": 5
              },
              "nm": "Transform"
            }
          ],
          "nm": "Group 1",
          "np": 3,
          "cix": 2,
          "bm": 0,
          "ix": 1,
          "mn": "ADBE Vector Group",
          "hd": false
        }
      ],
      "ip": 0,
      "op": 90,
      "st": 0,
      "bm": 0
    },
    {
      "ddd": 0,
      "ind": 5,
      "ty": 4,
      "nm": " 3",
      "sr": 1,
      "ks": {
        "o": {
          "a": 0,
          "k": 100,
          "ix": 11
        },
        "r": {
          "a": 0,
          "k": 0,
          "ix": 10
        },
        "p": {
          "a": 0,
          "k": [
            155.317,
            202.926,
            0
          ],
          "ix": 2
        },
        "a": {
          "a": 0,
          "k": [
            5.317,
            52.926,
            0
          ],
          "ix": 1
        },
        "s": {
          "a": 0,
          "k": [
            100,
            100,
            100
          ],
          "ix": 6
        }
      },
      "ao": 0,
      "shapes": [
        {
          "ty": "gr",
          "it": [
            {
              "ind": 0,
              "ty": "sh",
              "ix": 1,
              "ks": {
                "a": 0,
                "k": {
                  "i": [
                    [
                      10.606,
                      0
                    ],
                    [
                      0,
                      0
                    ],
                    [
                      0,
                      -10.606
                    ],
                    [
                      0,
                      0
                    ],
                    [
                      -10.606,
                      0
                    ],
                    [
                      0,
                      0
                    ],
                    [
                      0,
                      10.606
                    ],
                    [
                      0,
                      0
                    ]
                  ],
                  "o": [
                    [
                      0,
                      0
                    ],
                    [
                      -10.606,
                      0
                    ],
                    [
                      0,
                      0
                    ],
                    [
                      0,
                      10.606
                    ],
                    [
                      0,
                      0
                    ],
                    [
                      10.606,
                      0
                    ],
                    [
                      0,
                      0
                    ],
                    [
                      0,
                      -10.606
                    ]
                  ],
                  "v": [
                    [
                      53.765,
                      33.722
                    ],
                    [
                      -43.13,
                      33.722
                    ],
                    [
                      -62.334,
                      52.926
                    ],
                    [
                      -62.334,
                      52.926
                    ],
                    [
                      -43.13,
                      72.129
                    ],
                    [
                      53.765,
                      72.129
                    ],
                    [
                      72.969,
                      52.926
                    ],
                    [
                      72.969,
                      52.926
                    ]
                  ],
                  "c": true
                },
                "ix": 2
              },
              "nm": "Path 1",
              "mn": "ADBE Vector Shape - Group",
              "hd": false
            },
            {
              "ty": "st",
              "c": {
                "a": 0,
                "k": [
                  0,
                  0,
                  0,
                  1
                ],
                "ix": 3
              },
              "o": {
                "a": 0,
                "k": 100,
                "ix": 4
              },
              "w": {
                "a": 0,
                "k": 6,
                "ix": 5
              },
              "lc": 2,
              "lj": 2,
              "bm": 0,
              "nm": "Stroke 1",
              "mn": "ADBE Vector Graphic - Stroke",
              "hd": false
            },
            {
              "ty": "fl",
              "c": {
                "a": 0,
                "k": [
                  0.901960790157,
                  0.901960790157,
                  0.901960790157,
                  1
                ],
                "ix": 4
              },
              "o": {
                "a": 0,
                "k": 100,
                "ix": 5
              },
              "r": 1,
              "bm": 0,
              "nm": "Fill 1",
              "mn": "ADBE Vector Graphic - Fill",
              "hd": false
            },
            {
              "ty": "tr",
              "p": {
                "a": 0,
                "k": [
                  0,
                  0
                ],
                "ix": 2
              },
              "a": {
                "a": 0,
                "k": [
                  0,
                  0
                ],
                "ix": 1
              },
              "s": {
                "a": 0,
                "k": [
                  100,
                  100
                ],
                "ix": 3
              },
              "r": {
                "a": 0,
                "k": 0,
                "ix": 6
              },
              "o": {
                "a": 0,
                "k": 100,
                "ix": 7
              },
              "sk": {
                "a": 0,
                "k": 0,
                "ix": 4
              },
              "sa": {
                "a": 0,
                "k": 0,
                "ix": 5
              },
              "nm": "Transform"
            }
          ],
          "nm": "Group 1",
          "np": 3,
          "cix": 2,
          "bm": 0,
          "ix": 1,
          "mn": "ADBE Vector Group",
          "hd": false
        }
      ],
      "ip": 0,
      "op": 90,
      "st": 0,
      "bm": 0
    }
  ],
  "markers": []
}